,0,1
home/vanessa/Desktop/Code/compilerop/association-analysis/examples/Function Pointers/Function Pointers/Prog.cpp,51.2305802432135,8.240979255656201
home/vanessa/Desktop/Code/compilerop/association-analysis/examples/Function Pointers/Array of Pointers to Functions/Prog.cpp,11.055235704308636,-1.453155255833619
home/vanessa/Desktop/Code/compilerop/association-analysis/examples/Incrementing and Decrementing/Prog.cpp,-21.44891408633816,-0.3251673922087843
home/vanessa/Desktop/Code/compilerop/association-analysis/examples/ENUMeration/Prog.cpp,-26.70991388541558,-18.826759664729522
home/vanessa/Desktop/Code/compilerop/association-analysis/examples/switch Structure/Prog.cpp,2.927212273086952,-37.99953595175905
home/vanessa/Desktop/Code/compilerop/association-analysis/examples/Conditional Operator/Prog.cpp,-20.925748281583644,10.990278723640143
home/vanessa/Desktop/Code/compilerop/association-analysis/examples/Binary Search/Iterative/Prog.cpp,63.2989041615125,-4.8677173972122
home/vanessa/Desktop/Code/compilerop/association-analysis/examples/Binary Search/Recursive/Prog.cpp,74.83427296494091,-2.516547376231822
home/vanessa/Desktop/Code/compilerop/association-analysis/examples/Binary Search/Graphical/Prog.cpp,48.63602512495763,-27.65104749208245
home/vanessa/Desktop/Code/compilerop/association-analysis/examples/Pointers/void Pointers/Prog.cpp,-14.676175439214237,4.017982537518242
home/vanessa/Desktop/Code/compilerop/association-analysis/examples/Pointers/Pointers/Prog.cpp,-18.494478606485142,-1.3601712797358736
home/vanessa/Desktop/Code/compilerop/association-analysis/examples/Pointers/Arrays and Pointers 2/Prog.cpp,3.4089980886726616,-19.38135167336447
home/vanessa/Desktop/Code/compilerop/association-analysis/examples/Pointers/Arrays and Pointers 1/Prog.cpp,-2.811254962639283,12.74789937733089
home/vanessa/Desktop/Code/compilerop/association-analysis/examples/Pointers/Arrays of Pointers/Prog.cpp,10.981372895921517,22.30859275885842
home/vanessa/Desktop/Code/compilerop/association-analysis/examples/Pointers/const Qualifier and Pointers/Prog.cpp,-16.895587793286218,-5.4175640761049255
home/vanessa/Desktop/Code/compilerop/association-analysis/examples/Type Definition/Prog.cpp,-21.157880438751786,14.644663509522792
home/vanessa/Desktop/Code/compilerop/association-analysis/examples/If else Structure/Prog.cpp,-13.50836039336353,-1.9886863266292691
home/vanessa/Desktop/Code/compilerop/association-analysis/examples/Maximum/Prog.cpp,-21.895644064872695,5.025796018148563
home/vanessa/Desktop/Code/compilerop/association-analysis/examples/Aliases/Prog.cpp,-7.706695119234854,-9.380663999084604
home/vanessa/Desktop/Code/compilerop/association-analysis/examples/new and delete/Prog.cpp,-7.9882487891656915,12.296272009891918
home/vanessa/Desktop/Code/compilerop/association-analysis/examples/Structures/Prog.cpp,-8.194646592204853,22.42180520538763
home/vanessa/Desktop/Code/compilerop/association-analysis/examples/Arrays/Character Arrays/Prog.cpp,-14.3726569241084,8.567113974125467
home/vanessa/Desktop/Code/compilerop/association-analysis/examples/Arrays/Array in Functions/Prog.cpp,17.109579138302678,-15.969470087942383
home/vanessa/Desktop/Code/compilerop/association-analysis/examples/Arrays/Multidimentional Arrays/Initialization/Prog.cpp,14.644236337468337,13.564809121827672
home/vanessa/Desktop/Code/compilerop/association-analysis/examples/Arrays/Multidimentional Arrays/Passing to Function/Prog.cpp,19.719236425157984,-5.785928937489354
home/vanessa/Desktop/Code/compilerop/association-analysis/examples/Arrays/Arrays and Pointers/Prog.cpp,3.4089980886734783,-19.381351673364115
home/vanessa/Desktop/Code/compilerop/association-analysis/examples/Arrays/Static Arrays/Prog.cpp,17.395736103196803,-25.928738913438842
home/vanessa/Desktop/Code/compilerop/association-analysis/examples/Arrays/Arrays/Prog.cpp,-19.367954124880626,7.952685875876781
home/vanessa/Desktop/Code/compilerop/association-analysis/examples/Arrays/Arrays of Pointers/Prog.cpp,6.885075356633432,6.7909945070174045
home/vanessa/Desktop/Code/compilerop/association-analysis/examples/setw/Prog.cpp,-17.807623716274847,13.142304157490852
home/vanessa/Desktop/Code/compilerop/association-analysis/examples/Functions/Function Default Argument/Prog.cpp,-4.616391270157593,6.038365665403101
home/vanessa/Desktop/Code/compilerop/association-analysis/examples/Functions/Recursive Function Calls/Prog.cpp,-10.418290289059529,10.063632338463696
home/vanessa/Desktop/Code/compilerop/association-analysis/examples/Functions/Call By Reference/Prog.cpp,-8.632351886960567,-5.108695874352063
home/vanessa/Desktop/Code/compilerop/association-analysis/examples/Functions/Declaring a Function/Prog.cpp,-14.87559258846229,11.001430879663056
home/vanessa/Desktop/Code/compilerop/association-analysis/examples/Functions/Overloaded Functions/Prog.cpp,-14.131370365005143,14.48893011248752
home/vanessa/Desktop/Code/compilerop/association-analysis/examples/Functions/Function Template/Prog.cpp,-16.867570401497357,-22.940736288139764
home/vanessa/Desktop/Code/compilerop/association-analysis/examples/Functions/Inline Functions/Prog.cpp,-6.779649313441599,2.281012530081544
home/vanessa/Desktop/Code/compilerop/association-analysis/examples/Bubble Sort/Efficient/Prog.cpp,32.45136625388524,6.220452085604742
home/vanessa/Desktop/Code/compilerop/association-analysis/examples/Bubble Sort/Simple/Prog.cpp,30.4963366605129,-1.6965598803761814
home/vanessa/Desktop/Code/compilerop/association-analysis/examples/Math Library Functions/Prog.cpp,16.583198828776244,-120.3924789170199
home/vanessa/Desktop/Code/compilerop/association-analysis/examples/Scoping/Prog.cpp,-5.172307014953521,-39.931923127568325
home/vanessa/Desktop/Code/compilerop/association-analysis/examples/Loops/do while Structure/Prog.cpp,-19.060169530153527,15.577554695537323
home/vanessa/Desktop/Code/compilerop/association-analysis/examples/Loops/for Structure/Prog.cpp,-18.989030199355525,15.985829173114553
home/vanessa/Desktop/Code/compilerop/association-analysis/examples/String Processing Functions/strlen/Prog.cpp,-16.37684429378088,18.857168791057813
home/vanessa/Desktop/Code/compilerop/association-analysis/examples/String Processing Functions/getline Function/Prog.cpp,-16.2256418068005,14.25653050934462
home/vanessa/Desktop/Code/compilerop/association-analysis/examples/String Processing Functions/strtok Function/Prog.cpp,-10.185125129424284,19.608577343607003
home/vanessa/Desktop/Code/compilerop/association-analysis/examples/String Processing Functions/strcmp and strncmp/Prog.cpp,28.089321001836986,34.85135383638275
home/vanessa/Desktop/Code/compilerop/association-analysis/examples/String Processing Functions/strcpy and strncpy/Prog.cpp,2.9968463844571396,22.798143089768313
home/vanessa/Desktop/Code/compilerop/association-analysis/examples/String Processing Functions/strcat and strncat/Prog.cpp,-6.615953358100164,19.507241713003175
home/vanessa/Desktop/Code/compilerop/association-analysis/examples/String Processing Functions/Basics/Prog.cpp,-18.072472131371658,9.013350461814095
home/vanessa/Desktop/Code/compilerop/association-analysis/examples/Operator Overloading/Prog.cpp,-20.95708709450267,15.299097094327522
home/vanessa/Desktop/Code/compilerop/association-analysis/examples/sizeof Operator/Prog.cpp,3.107327024765375,-10.420422370753519
home/vanessa/Desktop/Code/compilerop/association-analysis/examples/Histogram/Prog.cpp,2.677770830565357,0.16382660346717184
